{
    "avg_prec": {
        "train": 1.0,
        "test": 0.7056444575550962
    },
    "roc_auc": {
        "train": 1.0,
        "test": 0.9224738675958188
    }
}
